_row,region,survey_year,_pm,weather_year,month_num,month,offset,year,avg_temp_c,monthly_rainfall_mm,extreme_heat_days,plot_id
0,Oromia,2024,8,2024,8,Aug,0,2024.0,19.1,185.1,0.0,PLOT-000339
1,Amhara,2023,6,2023,6,Jun,0,2023.0,17.0,118.5,0.0,PLOT-007457
2,Oromia,2024,2,2024,2,Feb,0,2024.0,18.2,78.5,0.0,PLOT-006092
0,Oromia,2024,8,2024,9,Sep,1,2024.0,15.1,147.1,0.0,PLOT-000339
1,Amhara,2023,6,2023,7,Jul,1,2023.0,14.9,244.6,0.0,PLOT-007457
2,Oromia,2024,2,2024,3,Mar,1,2024.0,20.1,92.5,0.0,PLOT-006092
0,Oromia,2024,8,2024,10,Oct,2,,,,,PLOT-000339
1,Amhara,2023,6,2023,8,Aug,2,2023.0,14.5,192.8,0.0,PLOT-007457
2,Oromia,2024,2,2024,4,Apr,2,2024.0,20.2,55.8,0.0,PLOT-006092
0,Oromia,2024,8,2024,11,Nov,3,2024.0,19.4,20.8,0.0,PLOT-000339
1,Amhara,2023,6,2023,9,Sep,3,2023.0,14.4,153.5,0.0,PLOT-007457
2,Oromia,2024,2,2024,5,May,3,2024.0,18.3,68.1,0.0,PLOT-006092
