crop_type,region,altitude_m,season_avg_temp_c,actual,predicted,abs_error,residual
sorghum,Tigray,2523.475903195549,16.666666666666668,0.4282776522410343,3.251020067246025,2.822742415004991,-2.822742415004991
barley,Oromia,1542.2522014892618,19.7,0.1902791611689511,2.694928560619806,2.504649399450855,-2.504649399450855
maize,Amhara,1214.213522981211,17.25,3.870791524820936,6.353097008769908,2.482305483948972,-2.482305483948972
wheat,Tigray,2713.4054686688123,15.1,6.970028028259211,4.71954640586629,2.250481622392921,2.250481622392921
sorghum,Tigray,1205.874982966857,16.275,4.570540996764901,2.458585443325224,2.1119555534396772,2.1119555534396772
maize,Tigray,1606.9180873295454,21.35,8.283826063869968,6.371464105758843,1.9123619581111253,1.9123619581111253
maize,Tigray,1575.9607684442035,21.35,7.413013608052452,5.510747345472461,1.9022662625799915,1.9022662625799915
maize,Oromia,1541.4979403598295,19.2,7.913190033267069,6.015237521236943,1.897952512030126,1.897952512030126
wheat,Amhara,2471.0000231198883,18.375,3.021381439696831,4.865028917120933,1.8436474774241018,-1.8436474774241018
wheat,Amhara,2634.7920354004027,15.3,8.21124236275183,6.375807720197521,1.8354346425543095,1.8354346425543095
