region,crop_type,survey_year,avg_yield_tons_per_ha,typical_plot_rainfall_mm
Amhara,barley,2021,3.29611668511447,828.5071312217857
Amhara,barley,2022,2.818869647612138,844.9411188230519
Amhara,barley,2023,3.383829490776945,873.5427750485763
Amhara,barley,2024,3.214295575706761,860.9586330749819
Amhara,maize,2021,3.817334649328224,836.051205743299
Amhara,maize,2022,4.3256822391142675,849.2307578987246
Amhara,maize,2023,3.415507086457399,838.6386289896683
Amhara,maize,2024,3.804973744046011,842.2471719515271
Amhara,sorghum,2021,2.424396959986194,839.6733151385872
Amhara,sorghum,2022,2.886536021524682,839.5341938498191
Amhara,sorghum,2023,2.251629670087041,865.5238255254852
Amhara,sorghum,2024,2.455959407582829,850.7590268692878
Amhara,teff,2021,2.5142608469825474,834.4777841640537
Amhara,teff,2022,2.3417134712316194,801.1210238050888
Amhara,teff,2023,2.4161589473614487,857.289333786624
Amhara,teff,2024,2.654190210364535,857.6525042829213
Amhara,wheat,2021,3.6880970742139696,800.2427596103153
Amhara,wheat,2022,3.05910783591594,901.2165369821988
Amhara,wheat,2023,3.891957025362161,883.7792440735809
Amhara,wheat,2024,3.796591005581192,838.9501039983622
Oromia,barley,2021,2.571080104971361,882.2467256573699
Oromia,barley,2022,2.3764228785621926,877.1202060728027
Oromia,barley,2023,2.8484855802002826,832.0911795220509
Oromia,barley,2024,2.871541136217471,880.963959598016
Oromia,maize,2021,4.408912690465301,854.4919655426035
Oromia,maize,2022,4.86339163495894,882.4807541776185
Oromia,maize,2023,4.320761683271338,839.1002916337836
Oromia,maize,2024,4.204380011442174,901.701926370248
Oromia,sorghum,2021,3.0030203257311285,843.292423380767
Oromia,sorghum,2022,3.054304584694339,841.5061493474276
Oromia,sorghum,2023,2.972723952447942,875.9890111279917
Oromia,sorghum,2024,2.7588551767784253,831.7483171982685
Oromia,teff,2021,2.3377042285286525,809.8296354210788
Oromia,teff,2022,2.2101783728037345,853.9395519187026
Oromia,teff,2023,2.3015091584447234,822.3018163563186
Oromia,teff,2024,2.293856283230735,860.9782187005817
Oromia,wheat,2021,3.032035048370772,850.8687106140665
Oromia,wheat,2022,2.7411094872006423,858.8192597516023
Oromia,wheat,2023,3.28198464307004,854.2658415517027
Oromia,wheat,2024,3.41901175439115,828.3368624881439
SNNPR,barley,2021,1.9892185132291433,864.6102054583688
SNNPR,barley,2022,2.352453773557523,869.2927205526713
SNNPR,barley,2023,2.4516422425484388,828.9208762035175
SNNPR,barley,2024,2.3330688723734974,885.6859832910085
SNNPR,maize,2021,4.815223678118242,846.3377179334162
SNNPR,maize,2022,4.681029387985649,838.3804447419591
SNNPR,maize,2023,4.909668427688868,832.2157007598315
SNNPR,maize,2024,4.780884915376204,840.3255804324505
SNNPR,sorghum,2021,3.0545340080426215,862.9458056443723
SNNPR,sorghum,2022,3.090134961439413,807.4134369294488
SNNPR,sorghum,2023,3.09628218025232,825.8296664595396
SNNPR,sorghum,2024,3.177023054155827,850.5056686482908
SNNPR,teff,2021,1.7850211487261947,814.015307898181
SNNPR,teff,2022,2.1096544380918876,879.4366420288836
SNNPR,teff,2023,2.300125830469849,830.3289322894647
SNNPR,teff,2024,2.1896607593287474,837.6707795702231
SNNPR,wheat,2021,2.295449010760606,841.1636011881129
SNNPR,wheat,2022,2.8326910590207155,848.8462160909087
SNNPR,wheat,2023,2.865299039880628,906.8888161269488
SNNPR,wheat,2024,2.6870233008254347,838.0196174015043
Somali,barley,2021,1.0964262942300342,849.2678145361882
Somali,barley,2022,1.1580392072404766,843.043806286261
Somali,barley,2023,1.1048548740725839,841.24999900664
Somali,barley,2024,1.1317048026073895,835.4864492174769
Somali,maize,2021,1.89193289288683,813.4555294900968
Somali,maize,2022,2.938767003903938,876.1387355881375
Somali,maize,2023,2.2273011473716546,887.8336624037935
Somali,maize,2024,2.2049077591086754,828.9102749116437
Somali,sorghum,2021,1.4749600870002806,830.6401730211412
Somali,sorghum,2022,2.2214051645536705,823.9716697539541
Somali,sorghum,2023,1.739015485329176,866.2473722852812
Somali,sorghum,2024,1.753945813360965,866.2271129328672
Somali,teff,2021,0.789015774715915,868.3589498781585
Somali,teff,2022,0.89659080001666,809.4700547782213
Somali,teff,2023,0.843474203484296,835.8863932156248
Somali,teff,2024,0.787216773391647,841.6948074927659
Somali,wheat,2021,1.2551065366128462,877.724776520389
Somali,wheat,2022,1.3159727362282083,846.0946554360113
Somali,wheat,2023,1.2665877626609372,861.8398828687264
Somali,wheat,2024,1.2867771555002894,842.0006329882444
Tigray,barley,2021,3.2952798246840382,868.5448185512088
Tigray,barley,2022,3.2424634708437,837.3972697053846
Tigray,barley,2023,3.1389807294231966,841.8930464025689
Tigray,barley,2024,2.3258855527276605,856.8118406858923
Tigray,maize,2021,3.835629246266701,837.8981343290307
Tigray,maize,2022,3.7086689468400764,819.6476187699061
Tigray,maize,2023,3.8022184052783268,846.9027652811378
Tigray,maize,2024,4.949428168518309,840.9075111262747
Tigray,sorghum,2021,2.504202328189148,831.2266744246975
Tigray,sorghum,2022,2.5194745956225773,865.2696879137907
Tigray,sorghum,2023,2.5375383773817224,879.8533839851614
Tigray,sorghum,2024,3.3013948185166457,831.4351581878258
Tigray,teff,2021,2.3945979772550046,881.1333515969928
Tigray,teff,2022,2.3978995090239645,892.80436022669
Tigray,teff,2023,2.453756263295811,876.8826679438138
Tigray,teff,2024,2.0610725386407203,833.6531238789873
Tigray,wheat,2021,3.6209810343568964,809.5009550473619
Tigray,wheat,2022,3.7204542824269726,828.1778103984516
Tigray,wheat,2023,3.8637040497220365,894.3231890578357
Tigray,wheat,2024,2.608131809165631,842.3196044584852
